Workbook

Sheet PKL
A1: CREATIVE COLLECTIONS LTD.3
A2: Nishatnagar,Tongi,Gazipur,Dhaka.
A3: PACKING LIST
A4: BULK PACK
F5: SIZE | G5: =G20 -> 25 R | H5: =H20 -> 26 R | I5: =I20 -> 27 R | J5: =J20 -> 28 R | K5: =K20 -> 29 R | L5: =L20 -> 30 R | M5: =M20 -> 31 R | N5: =N20 -> 32 R
F6: N.WT | G6: 0.75 | H6: 0.77 | I6: 0.79 | J6: 0.83 | K6: 0.86 | L6: 0.89 | M6: 0.92 | N6: 0.94
F7: N.N. WT | G7: =+G6-0.03 -> 0.72 | H7: =+H6-0.03 -> 0.74 | I7: =+I6-0.03 -> 0.76 | J7: =+J6-0.03 -> 0.8 | K7: =+K6-0.03 -> 0.83 | L7: =+L6-0.03 -> 0.86 | M7: =+M6-0.03 -> 0.89 | N7: =+N6-0.03 -> 0.91
A8: BUYER : | D8: BANANA REPUBLIC
A9: STYLE : | D9: 1188804014
A10: P. O. # : | D10: 62049433
A11: O/QTY : | D11: =Q43 -> 228 | E11: PCS | N11: PO # | Q11: =D10 -> 62049433
A12: SHIP QTY : | D12: =Q38 -> 228 | E12: PCS | N12: SKU / Item | Q12: =F21 -> 1188804014
A13: EX/SHORT : | D13: =D12-D11 -> 0 | E13: PCS | N13: Unit / Prepack | Q13: 90/45
A14: CTN QTY : | D14: =D38 -> 16 | E14: CTNS | N14: CARTON | Q14: =A21 -> 1 | R14: OF | S14: =D89 -> 32
A15: CTN MEAS. : | D15: 58.67 X 38.48 X 29.72 CM-G81 | N15: CBM | O15: =0.59*0.39*0.3*D40 -> 1.10448
D16: 58.67 X 38.48 X 14.86 CM-G82
D17: 38.48 X 29.34 X 14.86 CM-G84 | P17: DC : BDC-0015
D18: 29.34 X 19.25 X 14.86 CM-G85 | G18: =+G45 -> 0 | H18: =+H45 -> 0 | I18: =+I45 -> 0 | J18: =+J45 -> 0 | K18: =+K45 -> 0 | L18: =+L45 -> 0 | M18: =+M45 -> 0 | N18: =+N45 -> 0
A19: CTN | C19: CTN | D19: CTN QTY | E19: COLOR | F19: PREPACK STECKER | G19: SIZE | P19: QTY PER CTN | Q19: TOTAL QTY | R19: GROSS WEIGHT | S19: NET WEIGHT
A20: NO | C20: MEA | G20: 25 R | H20: 26 R | I20: 27 R | J20: 28 R | K20: 29 R | L20: 30 R | M20: 31 R | N20: 32 R
A21: 1 | B21: =D21+A21-1 -> 1 | C21: G81 | D21: 1 | E21: LIGHT WASH | F21: =+D9 -> 1188804014 | G21: 22 | P21: =SUM(G21:N21) -> 22 | Q21: =P21*D21 -> 22 | R21: =S21+0.91 -> 17.41 | S21: =+G6*P21 -> 16.5 | T21: =+R21*D21 -> 17.41 | X21: 1
A22: =+B21+1 -> 2 | B22: =D22+A22-1 -> 2 | C22: G82 | D22: 1 | G22: 0 | P22: =SUM(G22:N22) -> 0 | Q22: =P22*D22 -> 0 | R22: =S22+0.72 -> 0.72 | S22: =+S21/P21*P22 -> 0 | T22: =+R22*D22 -> 0.72
A23: =+B22+1 -> 3 | B23: =D23+A23-1 -> 3 | C23: G81 | D23: 1 | H23: 24 | P23: =SUM(G23:N23) -> 24 | Q23: =P23*D23 -> 24 | R23: =S23+0.91 -> 19.39 | S23: =++H6*P23 -> 18.48 | T23: =+R23*D23 -> 19.39
A24: =+B23+1 -> 4 | B24: =D24+A24-1 -> 4 | C24: G81 | D24: 1 | H24: 5 | P24: =SUM(G24:N24) -> 5 | Q24: =P24*D24 -> 5 | R24: =S24+0.91 -> 4.76 | S24: =+S23/P23*P24 -> 3.85 | T24: =+R24*D24 -> 4.76
A25: =+B24+1 -> 5 | B25: =D25+A25-1 -> 5 | C25: G81 | D25: 1 | I25: 24 | P25: =SUM(G25:N25) -> 24 | Q25: =P25*D25 -> 24 | R25: =S25+0.91 -> 19.87 | S25: =+I6*P25 -> 18.96 | T25: =+R25*D25 -> 19.87
A26: =+B25+1 -> 6 | B26: =D26+A26-1 -> 6 | C26: G85 | D26: 1 | I26: 14 | P26: =SUM(G26:N26) -> 14 | Q26: =P26*D26 -> 14 | R26: =S26+0.41 -> 11.47 | S26: =+S25/P25*P26 -> 11.06 | T26: =+R26*D26 -> 11.47
A27: =+B26+1 -> 7 | B27: =D27+A27-1 -> 7 | C27: G81 | D27: 1 | J27: 24 | P27: =SUM(G27:N27) -> 24 | Q27: =P27*D27 -> 24 | R27: =S27+0.91 -> 20.83 | S27: =+J6*P27 -> 19.92 | T27: =+R27*D27 -> 20.83
A28: =+B27+1 -> 8 | B28: =D28+A28-1 -> 8 | C28: G84 | D28: 1 | J28: 13 | P28: =SUM(G28:N28) -> 13 | Q28: =P28*D28 -> 13 | R28: =S28+0.41 -> 11.2 | S28: =+S27/P27*P28 -> 10.79 | T28: =+R28*D28 -> 11.2
A29: =+B28+1 -> 9 | B29: =D29+A29-1 -> 9 | C29: G81 | D29: 1 | K29: 22 | P29: =SUM(G29:N29) -> 22 | Q29: =P29*D29 -> 22 | R29: =S29+0.91 -> 19.83 | S29: =+K6*P29 -> 18.92 | T29: =+R29*D29 -> 19.83
A30: =+B29+1 -> 10 | B30: =D30+A30-1 -> 10 | C30: G81 | D30: 1 | K30: 14 | P30: =SUM(G30:N30) -> 14 | Q30: =P30*D30 -> 14 | R30: =S30+0.91 -> 12.95 | S30: =+S29/P29*P30 -> 12.04 | T30: =+R30*D30 -> 12.95
A31: =+B30+1 -> 11 | B31: =D31+A31-1 -> 11 | C31: G81 | D31: 1 | L31: 22 | P31: =SUM(G31:N31) -> 22 | Q31: =P31*D31 -> 22 | R31: =S31+0.91 -> 20.49 | S31: =+L6*P31 -> 19.58 | T31: =+R31*D31 -> 20.49
A32: =+B31+1 -> 12 | B32: =D32+A32-1 -> 12 | C32: G84 | D32: 1 | L32: 5 | P32: =SUM(G32:N32) -> 5 | Q32: =P32*D32 -> 5 | R32: =S32+0.41 -> 4.86 | S32: =+S31/P31*P32 -> 4.45 | T32: =+R32*D32 -> 4.86
A33: =+B32+1 -> 13 | B33: =D33+A33-1 -> 13 | C33: G81 | D33: 1 | M33: 21 | P33: =SUM(G33:N33) -> 21 | Q33: =P33*D33 -> 21 | R33: =S33+0.91 -> 20.23 | S33: =+M6*P33 -> 19.32 | T33: =+R33*D33 -> 20.23
A34: =+B33+1 -> 14 | B34: =D34+A34-1 -> 14 | C34: G82 | D34: 1 | M34: 0 | P34: =SUM(G34:N34) -> 0 | Q34: =P34*D34 -> 0 | R34: =S34+0.72 -> 0.72 | S34: =+S33/P33*P34 -> 0 | T34: =+R34*D34 -> 0.72
A35: =+B34+1 -> 15 | B35: =D35+A35-1 -> 15 | C35: G81 | D35: 1 | N35: 18 | P35: =SUM(G35:N35) -> 18 | Q35: =P35*D35 -> 18 | R35: =S35+0.91 -> 17.83 | S35: =+N6*P35 -> 16.92 | T35: =+R35*D35 -> 17.83
A36: =+B35+1 -> 16 | B36: =D36+A36-1 -> 16 | C36: G82 | D36: 1 | N36: 0 | P36: =SUM(G36:N36) -> 0 | Q36: =P36*D36 -> 0 | R36: =S36+0.72 -> 0.72 | S36: =+S35/P35*P36 -> 0 | T36: =+R36*D36 -> 0.72
X37: 3
A38: TOTAL | D38: =SUM(D21:D37) -> 16 | E38: CTNS | G38: =+Q21+Q22 -> 22 | H38: =+Q23+Q24 -> 29 | I38: =+Q25+Q26 -> 38 | J38: =+Q27+Q28 -> 37 | K38: =+Q29+Q30 -> 36 | L38: =+Q31+Q32 -> 27 | M38: =+Q33+Q34 -> 21 | N38: =+Q35+Q36 -> 18 | Q38: =SUM(Q21:Q37) -> 228 | R38: =SUM(R21:R37) -> 203.28 | T38: =SUM(T21:T37) -> 203.28 | X38: 1
X39: 2
D40: =D38 -> 16 | E40: SUMMARY | U40: 124 | X40: 1
E41: SIZE | G41: =G20 -> 25 R | H41: =H20 -> 26 R | I41: =I20 -> 27 R | J41: =J20 -> 28 R | K41: =K20 -> 29 R | L41: =L20 -> 30 R | M41: =M20 -> 31 R | N41: =N20 -> 32 R | Q41: TOTAL | U41: 160 | X41: 1
E42: CUT QTY | G42: =G43*2%+G43 -> 22.44 | H42: =H43*2%+H43 -> 29.58 | I42: =I43*2%+I43 -> 38.76 | J42: =J43*2%+J43 -> 37.74 | K42: =K43*2%+K43 -> 36.72 | L42: =L43*2%+L43 -> 27.54 | M42: =M43*2%+M43 -> 21.42 | N42: =N43*2%+N43 -> 18.36 | Q42: =SUM(G42:P42) -> 232.56 | U42: 204 | X42: 1
E43: ORDER QTY | G43: 22 | H43: 29 | I43: 38 | J43: 37 | K43: 36 | L43: 27 | M43: 21 | N43: 18 | Q43: =SUM(G43:P43) -> 228 | U43: 202
E44: SHIP QTY | G44: =G38 -> 22 | H44: =H38 -> 29 | I44: =I38 -> 38 | J44: =J38 -> 37 | K44: =K38 -> 36 | L44: =L38 -> 27 | M44: =M38 -> 21 | N44: =N38 -> 18 | Q44: =SUM(G44:P44) -> 228 | U44: 154
E45: EX/SHORT | G45: =G44-G43 -> 0 | H45: =H44-H43 -> 0 | I45: =I44-I43 -> 0 | J45: =J44-J43 -> 0 | K45: =K44-K43 -> 0 | L45: =L44-L43 -> 0 | M45: =M44-M43 -> 0 | N45: =N44-N43 -> 0 | Q45: =SUM(G45:P45) -> 0 | U45: 141
E46: % | G46: =G45/G43*100 -> 0 | H46: =H45/H43*100 -> 0 | I46: =I45/I43*100 -> 0 | J46: =J45/J43*100 -> 0 | K46: =K45/K43*100 -> 0 | L46: =L45/L43*100 -> 0 | M46: =M45/M43*100 -> 0 | N46: =N45/N43*100 -> 0 | Q46: =Q45/Q43*100 -> 0 | U46: 128
U47: 107
A48: PACKING LIST
A49: BULK PACK
A50: BUYER : | D50: BANANA REPUBLIC
A51: STYLE : | D51: 1188804004
A52: P. O. # : | D52: =+D10 -> 62049433
A53: O/QTY : | D53: =Q82 -> 228 | E53: PCS | N53: PO # | Q53: =D52 -> 62049433
A54: SHIP QTY : | D54: =Q77 -> 228 | E54: PCS | N54: SKU / Item | Q54: =F60 -> 1188804004
A55: EX/SHORT : | D55: =D54-D53 -> 0 | E55: PCS | N55: Unit / Prepack | Q55: 90/45
A56: CTN QTY : | D56: =D77 -> 16 | E56: CTNS | N56: CARTON | Q56: =A60 -> 17 | R56: OF | S56: =+D89 -> 32
G57: =+G84 -> 0 | H57: =+H84 -> 0 | I57: =+I84 -> 0 | J57: =+J84 -> 0 | K57: =+K84 -> 0 | L57: =+L84 -> 0 | M57: =+M84 -> 0 | N57: =+N84 -> 0
A58: CTN | C58: CTN | D58: CTN QTY | E58: COLOR | F58: PREPACK STECKER | G58: SIZE | P58: QTY PER CTN | Q58: TOTAL QTY | R58: GROSS WEIGHT | S58: NET WEIGHT
A59: NO | C59: MEA | G59: =+G20 -> 25 R | H59: =+H20 -> 26 R | I59: =+I20 -> 27 R | J59: =+J20 -> 28 R | K59: =+K20 -> 29 R | L59: =+L20 -> 30 R | M59: =+M20 -> 31 R | N59: =+N20 -> 32 R
A60: =B36+1 -> 17 | B60: =D60+A60-1 -> 17 | C60: G81 | D60: 1 | E60: TRUFFLE | F60: =+D51 -> 1188804004 | G60: 22 | P60: =SUM(G60:N60) -> 22 | Q60: =P60*D60 -> 22 | R60: =S60+0.91 -> 17.41 | S60: =+G6*P60 -> 16.5 | T60: =+R60*D60 -> 17.41
A61: =+B60+1 -> 18 | B61: =D61+A61-1 -> 18 | C61: G82 | D61: 1 | G61: 0 | P61: =SUM(G61:N61) -> 0 | Q61: =P61*D61 -> 0 | R61: =S61+0.72 -> 0.72 | S61: =+S60/P60*P61 -> 0 | T61: =+R61*D61 -> 0.72 | V61: 1
A62: =+B61+1 -> 19 | B62: =D62+A62-1 -> 19 | C62: G81 | D62: 1 | H62: 24 | P62: =SUM(G62:N62) -> 24 | Q62: =P62*D62 -> 24 | R62: =S62+0.91 -> 19.39 | S62: =+H6*P62 -> 18.48 | T62: =+R62*D62 -> 19.39 | V62: 1
A63: =+B62+1 -> 20 | B63: =D63+A63-1 -> 20 | C63: G81 | D63: 1 | H63: 5 | P63: =SUM(G63:N63) -> 5 | Q63: =P63*D63 -> 5 | R63: =S63+0.91 -> 4.76 | S63: =+S62/P62*P63 -> 3.85 | T63: =+R63*D63 -> 4.76
A64: =+B63+1 -> 21 | B64: =D64+A64-1 -> 21 | C64: G81 | D64: 1 | I64: 24 | P64: =SUM(G64:N64) -> 24 | Q64: =P64*D64 -> 24 | R64: =S64+0.91 -> 19.87 | S64: =+I6*P64 -> 18.96 | T64: =+R64*D64 -> 19.87
A65: =+B64+1 -> 22 | B65: =D65+A65-1 -> 22 | C65: G84 | D65: 1 | I65: 14 | P65: =SUM(G65:N65) -> 14 | Q65: =P65*D65 -> 14 | R65: =S65+0.41 -> 11.47 | S65: =+S64/P64*P65 -> 11.06 | T65: =+R65*D65 -> 11.47
A66: =+B65+1 -> 23 | B66: =D66+A66-1 -> 23 | C66: G81 | D66: 1 | J66: 24 | P66: =SUM(G66:N66) -> 24 | Q66: =P66*D66 -> 24 | R66: =S66+0.91 -> 20.83 | S66: =+J6*P66 -> 19.92 | T66: =+R66*D66 -> 20.83
A67: =+B66+1 -> 24 | B67: =D67+A67-1 -> 24 | C67: G82 | D67: 1 | J67: 13 | P67: =SUM(G67:N67) -> 13 | Q67: =P67*D67 -> 13 | R67: =S67+0.72 -> 11.51 | S67: =+S66/P66*P67 -> 10.79 | T67: =+R67*D67 -> 11.51
A68: =+B67+1 -> 25 | B68: =D68+A68-1 -> 25 | C68: G84 | D68: 1 | K68: 22 | P68: =SUM(G68:N68) -> 22 | Q68: =P68*D68 -> 22 | R68: =S68+0.41 -> 18.67 | S68: =+S67/P67*P68 -> 18.26 | T68: =+R68*D68 -> 18.67
A69: =+B68+1 -> 26 | B69: =D69+A69-1 -> 26 | C69: G81 | D69: 1 | K69: 14 | P69: =SUM(G69:N69) -> 14 | Q69: =P69*D69 -> 14 | R69: =S69+0.91 -> 12.95 | S69: =+K6*P69 -> 12.04 | T69: =+R69*D69 -> 12.95
A70: =+B69+1 -> 27 | B70: =D70+A70-1 -> 27 | C70: G81 | D70: 1 | L70: 22 | P70: =SUM(G70:N70) -> 22 | Q70: =P70*D70 -> 22 | R70: =S70+0.91 -> 20.49 | S70: =+L6*P70 -> 19.58 | T70: =+R70*D70 -> 20.49
A71: =+B70+1 -> 28 | B71: =D71+A71-1 -> 28 | C71: G84 | D71: 1 | L71: 5 | P71: =SUM(G71:N71) -> 5 | Q71: =P71*D71 -> 5 | R71: =S71+0.41 -> 4.86 | S71: =+S70/P70*P71 -> 4.45 | T71: =+R71*D71 -> 4.86
A72: =+B71+1 -> 29 | B72: =D72+A72-1 -> 29 | C72: G81 | D72: 1 | M72: 21 | P72: =SUM(G72:N72) -> 21 | Q72: =P72*D72 -> 21 | R72: =S72+0.91 -> 20.23 | S72: =+M6*P72 -> 19.32 | T72: =+R72*D72 -> 20.23
A73: =+B72+1 -> 30 | B73: =D73+A73-1 -> 30 | C73: G82 | D73: 1 | M73: 0 | P73: =SUM(G73:N73) -> 0 | Q73: =P73*D73 -> 0 | R73: =S73+0.72 -> 0.72 | S73: =+S72/P72*P73 -> 0 | T73: =+R73*D73 -> 0.72
A74: =+B73+1 -> 31 | B74: =D74+A74-1 -> 31 | C74: G81 | D74: 1 | N74: 18 | P74: =SUM(G74:N74) -> 18 | Q74: =P74*D74 -> 18 | R74: =S74+0.91 -> 17.83 | S74: =+N6*P74 -> 16.92 | T74: =+R74*D74 -> 17.83
A75: =+B74+1 -> 32 | B75: =D75+A75-1 -> 32 | C75: G82 | D75: 1 | N75: 0 | P75: =SUM(G75:N75) -> 0 | Q75: =P75*D75 -> 0 | R75: =S75+0.72 -> 0.72 | S75: =+S74/P74*P75 -> 0 | T75: =+R75*D75 -> 0.72
A77: TOTAL | D77: =SUM(D60:D76) -> 16 | E77: CTNS | G77: =+Q60+Q61 -> 22 | H77: =+Q62+Q63 -> 29 | I77: =+Q64+Q65 -> 38 | J77: =Q66+Q67 -> 37 | K77: =Q68+Q69 -> 36 | L77: =+Q70+Q71 -> 27 | M77: =Q72+Q73 -> 21 | N77: =Q74+Q75 -> 18 | Q77: =SUM(Q60:Q76) -> 228 | R77: =SUM(R60:R76) -> 202.43 | T77: =SUM(T60:T76) -> 202.43
D79: =D77 -> 16 | E79: SUMMARY | U79: 124
E80: SIZE | G80: =G59 -> 25 R | H80: =H59 -> 26 R | I80: =I59 -> 27 R | J80: =J59 -> 28 R | K80: =K59 -> 29 R | L80: =L59 -> 30 R | M80: =M59 -> 31 R | N80: =N59 -> 32 R | Q80: TOTAL | U80: 159
E81: CUT QTY | G81: =G82*2%+G82 -> 22.44 | H81: =H82*2%+H82 -> 29.58 | I81: =I82*2%+I82 -> 38.76 | J81: =J82*2%+J82 -> 37.74 | K81: =K82*2%+K82 -> 36.72 | L81: =L82*2%+L82 -> 27.54 | M81: =M82*2%+M82 -> 21.42 | N81: =N82*2%+N82 -> 18.36 | Q81: =SUM(G81:P81) -> 232.56 | U81: 204
E82: ORDER QTY | G82: 22 | H82: 29 | I82: 38 | J82: 37 | K82: 36 | L82: 27 | M82: 21 | N82: 18 | Q82: =SUM(G82:P82) -> 228 | U82: 201
E83: SHIP QTY | G83: =G77 -> 22 | H83: =H77 -> 29 | I83: =I77 -> 38 | J83: =J77 -> 37 | K83: =K77 -> 36 | L83: =L77 -> 27 | M83: =M77 -> 21 | N83: =N77 -> 18 | Q83: =SUM(G83:P83) -> 228 | U83: 154
E84: EX/SHORT | G84: =G83-G82 -> 0 | H84: =H83-H82 -> 0 | I84: =I83-I82 -> 0 | J84: =J83-J82 -> 0 | K84: =K83-K82 -> 0 | L84: =L83-L82 -> 0 | M84: =M83-M82 -> 0 | N84: =N83-N82 -> 0 | Q84: =SUM(G84:P84) -> 0 | U84: 141
E85: % | G85: =G84/G82*100 -> 0 | H85: =H84/H82*100 -> 0 | I85: =I84/I82*100 -> 0 | J85: =J84/J82*100 -> 0 | K85: =K84/K82*100 -> 0 | L85: =L84/L82*100 -> 0 | M85: =M84/M82*100 -> 0 | N85: =N84/N82*100 -> 0 | Q85: =Q84/Q82*100 -> 0 | U85: 128
U86: 107
E88: SUMMARY
D89: =+D77+D38 -> 32 | E89: SIZE | G89: =+G80 -> 25 R | H89: =+H80 -> 26 R | I89: =+I80 -> 27 R | J89: =+J80 -> 28 R | K89: =+K80 -> 29 R | L89: =+L80 -> 30 R | M89: =+M80 -> 31 R | N89: =+N80 -> 32 R | Q89: TOTAL
E90: CUT QTY | G90: =G91*2%+G91 -> 44.88 | H90: =H91*2%+H91 -> 59.16 | I90: =I91*2%+I91 -> 77.52 | J90: =J91*2%+J91 -> 75.48 | K90: =K91*2%+K91 -> 73.44 | L90: =L91*2%+L91 -> 55.08 | M90: =M91*2%+M91 -> 42.84 | N90: =N91*2%+N91 -> 36.72 | Q90: =SUM(G90:P90) -> 465.12
E91: ORDER QTY | G91: =+G82+G43 -> 44 | H91: =+H82+H43 -> 58 | I91: =+I82+I43 -> 76 | J91: =+J82+J43 -> 74 | K91: =+K82+K43 -> 72 | L91: =+L82+L43 -> 54 | M91: =+M82+M43 -> 42 | N91: =+N82+N43 -> 36 | Q91: =SUM(G91:P91) -> 456
E92: SHIP QTY | G92: =+G83+G44 -> 44 | H92: =+H83+H44 -> 58 | I92: =+I83+I44 -> 76 | J92: =+J83+J44 -> 74 | K92: =+K83+K44 -> 72 | L92: =+L83+L44 -> 54 | M92: =+M83+M44 -> 42 | N92: =+N83+N44 -> 36 | Q92: =SUM(G92:P92) -> 456
E93: EX/SHORT | G93: =G92-G91 -> 0 | H93: =H92-H91 -> 0 | I93: =I92-I91 -> 0 | J93: =J92-J91 -> 0 | K93: =K92-K91 -> 0 | L93: =L92-L91 -> 0 | M93: =M92-M91 -> 0 | N93: =N92-N91 -> 0 | Q93: =SUM(G93:P93) -> 0
E94: % | G94: =G93/G91*100 -> 0 | H94: =H93/H91*100 -> 0 | I94: =I93/I91*100 -> 0 | J94: =J93/J91*100 -> 0 | K94: =K93/K91*100 -> 0 | L94: =L93/L91*100 -> 0 | M94: =M93/M91*100 -> 0 | N94: =N93/N91*100 -> 0 | Q94: =Q93/Q91*100 -> 0
J98: 4
J99: 3
J100: 8
J101: 6
J102: 12
J103: 10
J104: 13
J105: 17
J106: 9
...

Sheet sum
A1: CREATIVE COLLECTIONS LTD.3
A2: Nishat Nagar , Tongi , Gazipur .
A3: PACKING LIST SUMMARY
A5: BUYER | B5: BANANA REPUBLIC
A6: STYLE | B6: =+PKL!D9 -> 1188804014 | G6: DATE | H6: 46295
A8: DC | B8: PO. NO | C8: SEASON | D8: COLOR | E8: ORDER QTY | F8: SHIPT QTY | G8: EXCESS | H8: SHORT | I8: PRE % | J8: TTL CTN QTY
A10: BDC | B10: =+PKL!D10 -> 62049433 | C10: Holl-26 | D10: =+PKL!E21 -> LIGHT WASH | E10: =+PKL!Q43 -> 228 | F10: =+PKL!Q44 -> 228 | G10: =F10-E10 -> 0 | H10: 0 | I10: =G10/E10*100 -> 0 | J10: =+PKL!D40 -> 16
A11: " | B11: " | C11: " | D11: =+PKL!E60 -> TRUFFLE | E11: =+PKL!Q82 -> 228 | F11: =+PKL!Q83 -> 228 | G11: =F11-E11 -> 0 | H11: 0 | I11: =G11/E11*100 -> 0 | J11: =+PKL!D79 -> 16
D12: Total | E12: =SUM(E10:E11) -> 456 | F12: =SUM(F10:F11) -> 456 | G12: =SUM(G10:G11) -> 0 | H12: =SUM(H10:H11) -> 0 | I12: =SUM(I10:I11) -> 0 | J12: =SUM(J10:J11) -> 32
A13: GTO | B13: 62049311 | C13: Spring-26 | D13: LIGHT WASH | E13: 505 | F13: 505 | G13: 0 | H13: 0 | I13: 0 | J13: 43
A14: "" | B14: "" | C14: "" | D14: TRUFFLE | E14: 438 | F14: 438 | G14: 0 | H14: 0 | I14: 0 | J14: 43
D15: Total | E15: =SUM(E13:E14) -> 943 | F15: =SUM(F13:F14) -> 943 | G15: =SUM(G13:G14) -> 0 | H15: =SUM(H13:H14) -> 0 | I15: =SUM(I13:I14) -> 0 | J15: =SUM(J13:J14) -> 86
D17: G.TOTAL= | E17: =SUM(E15,E12) -> 1399 | F17: =SUM(F15,F12) -> 1399 | G17: =SUM(G15,G12) -> 0 | H17: =SUM(H15,H12) -> 0 | I17: =SUM(I15,I12) -> 0 | J17: =SUM(J15,J12) -> 118
B20: SERIAL NO | D20: PENDING ISSUE | E20: YES | F20: NO | G20: REMARKS
B21: 1 | D21: %ISSUE
B22: 2 | D22: GPT
B23: 3 | D23: TOP
B24: 4 | D24: SHADE BAND
B25: 5 | D25: GTS/YTS
B26: 6 | D26: UP DATE DC PO
B27: 7 | D27: TRIM CARD
B28: 8 | D28: FA CTN QTY
B29: 9 | D29: CHECK QTY
B30: 10 | D30: VSL DATE
D31: ITEM | E31: F BLACK OPP JE
A43: FA | C43: PACKING INCHARGE | E43: FINISHING MANAGER
